Date,Minimum temperature (�C),Maximum temperature (�C),Rainfall (mm),Evaporation (mm),Sunshine (hours),Direction of maximum wind gust ,Speed of maximum wind gust (km/h),Time of maximum wind gust,9am Temperature (�C),9am relative humidity (%),9am cloud amount (oktas),9am wind direction,9am wind speed (km/h),9am MSL pressure (hPa),3pm Temperature (�C),3pm relative humidity (%),3pm cloud amount (oktas),3pm wind direction,3pm wind speed (km/h),3pm MSL pressure (hPa),RainToday,RainTommorow
26/08/2022,8.9,,0.8,0.8,,,,,11.1,99,7,ENE,7,1029.9,13.5,81,7,SW,7,1027.8,No,Yes
25/08/2022,9.6,15.1,9.8,0.2,2.5,S,30,12:44,10.4,100,8,SW,9,1026.1,14.6,82,4,SW,15,1026.1,Yes,No
24/08/2022,6.2,13.1,0.6,2,2.1,W,39,10:50,9.6,83,5,NW,9,1023.8,10.8,99,8,NW,11,1021.8,No,Yes
23/08/2022,5.5,12.1,10.8,2.2,7.1,SW,39,14:28,7.2,86,2,WSW,11,1016.9,11.2,59,5,SW,19,1018.6,Yes,No
22/08/2022,7.1,16.9,0,4.6,6.6,NNW,52,11:07,13.3,58,2,N,20,1013.1,16.1,59,7,NNW,22,1006.3,No,No
21/08/2022,4.9,14.1,0.2,2.2,8.7,NNW,37,14:49,7.2,100,2, ,Calm,1026.7,12.6,51,5,N,19,1023,No,Yes
20/08/2022,9.2,13.6,5.4,2.8,2.2,N,35,0:30,10.6,100,7,SSW,11,1020,13.2,47,4,SSW,19,1022.7,Yes,Yes
19/08/2022,6.5,16.1,13.8,1.2,8.7,WSW,31,10:36,9.2,91,1,W,11,1015.2,14.5,45,2,NW,13,1014.5,Yes,Yes
18/08/2022,7.5,14.2,2,4.6,0,N,61,10:06,13.9,68,7,NE,15,1007.4,13.8,74,7,N,17,1006.7,Yes,Yes
17/08/2022,4.5,14.9,1.4,1.6,1.3,N,46,18:58,7.5,100,7,ENE,2,1020.2,13.3,71,7,N,15,1016.6,Yes,Yes
16/08/2022,8.9,13.7,6.2,2.2,2.7,SW,39,11:31,11,100,6,WSW,9,1012,13.2,99,6,SSW,20,1014.7,Yes,No
15/08/2022,9.4,16.9,0,2.4,7.2,W,44,12:47,11.7,73,5,WNW,15,1005,15,51,7,WNW,17,1002.7,No,Yes
14/08/2022,5.7,14.3,12.8,1.4,1.5,W,52,16:17,9.6,99,7,W,13,1007.1,14,72,6,WSW,24,1002.6,Yes,No
13/08/2022,6.2,18.7,0.2,0.8,5.6,E,43,15:23,9,99,3,SE,7,1013.2,14.4,62,7,WSW,15,1010.1,No,No
12/08/2022,8.3,15,,1.6,0.2,ENE,24,20:54,10.5,99,7,NE,7,1013.4,14.6,72,7,NE,6,1011.4,No,No
11/08/2022,3.6,16.6,0,2.4,4.4,N,44,11:32,13.7,62,7,SE,7,1015.4,10.5,100,2,N,13,1013.4,No,No
10/08/2022,0.8,13.8,0,2.6,1.5,SSE,33,14:56,3.6,100,8, ,Calm,1027.2,13.4,62,6,SSE,13,1022.7,No,No
9/08/2022,-0.7,14.2,0,1.2,9.3,SSW,22,15:53,2,100,1,SSE,7,1028.7,12.6,60,4,S,6,1026.4,No,No
8/08/2022,2.5,14.4,0,2.2,9.5,SSW,20,15:21,5,100,1,NW,6,1025.4,13.6,51,1,SW,11,1023.8,No,No
7/08/2022,7.9,14.4,0.8,0.4,6.9,SSW,19,15:39,9.4,100,7, ,Calm,1018.1,14.3,56,6,SW,7,1018.7,No,Yes
6/08/2022,6.4,14.2,11.2,1.8,3.1,NNW,20,10:12,9.4,99,6,SE,7,1007.2,12.1,83,6,SW,9,1008.2,Yes,No
5/08/2022,10.8,13.9,0,4.4,0.1,N,35,11:12,11.2,76,7,NNE,15,999.5,13.3,73,7,NNE,15,999.2,No,No
4/08/2022,12.9,18.6,0,5.2,7.1,W,50,0:31,14.8,55,6,E,13,997.9,18,43,1,NNW,19,995,No,Yes
3/08/2022,10.5,20.3,1.4,5.2,9.5,N,57,12:36,14.1,73,3,N,19,1003.7,18,43,2,NNW,26,1001.7,Yes,No
2/08/2022,9.3,16,0.6,3.2,7.6,NNE,50,13:00,10.9,81,5,NNE,13,1015.6,14.7,50,7,NE,19,1010.8,No,No
1/08/2022,7.7,14.9,0,3.8,7.4,NNW,46,14:30,9.5,75,1,NNE,17,1012.7,13.9,62,3,NNW,20,1011.4,No,No
31/07/2022,1.5,16.1,0,4,1.4,N,56,15:31,10.5,55,7,E,7,1015,13.7,49,7,N,20,1009.8,No,No
30/07/2022,-1.2,13.1,0,1.8,9.1,N,41,11:44,1.5,100,2, ,Calm,1026.5,12.5,45,1,N,17,1022.4,No,Yes
29/07/2022,5.2,13.5,2.6,1.2,8,NW,46,2:52,6.6,100,4, ,Calm,1028.7,12.1,54,3,SW,11,1027.6,Yes,Yes
28/07/2022,7.7,13.6,1.4,1.6,5.3,W,33,16:37,8.7,100,6,W,6,1025,11.3,77,7,WSW,9,1024,Yes,Yes
27/07/2022,7.3,15.8,3.8,1,4.7,WNW,28,12:07,11,100,6,WNW,9,1020.8,13.2,93,7,W,11,1020,Yes,Yes
26/07/2022,7.4,12.2,5.4,1.6,1.9,W,44,14:33,8.9,89,6,WNW,11,1015,10,87,7,WNW,15,1016.2,Yes,No
25/07/2022,7,15.5,0,2.6,2,NNE,28,16:25,11.2,97,7,S,13,1014.5,12.4,100,7,NE,6,1011.3,No,Yes
24/07/2022,8.7,18.4,5,2,9.3,E,19,14:54,10.5,100,1,SSE,4,1022,16.6,73,1,E,9,1018.8,Yes,No
23/07/2022,4.5,13.8,0.4,2.4,0,NNW,17,7:35,11.2,92,8,N,6,1024.5,13.6,86,7,SSE,7,1020.7,No,No
22/07/2022,0.7,18.8,0.2,1.4,6.4,NNE,35,14:24,4.5,100,1, ,Calm,1029.7,17.1,45,7,ENE,9,1024.9,No,No
21/07/2022,-1.9,17.7,0,1.6,9,E,17,11:06,0.7,100,4, ,Calm,1034.1,16.5,50,1, ,Calm,1030.4,No,No
20/07/2022,-2.5,13.5,0,0.6,9,S,15,14:23,-0.2,100,0,SE,6,1033.7,13.3,51,1,S,7,1031.4,No,No
19/07/2022,0.1,12.8,0.4,0.4,3.1,E,20,12:26,1.1,100,1, ,Calm,1031.4,12.2,48,1,E,6,1030.2,No,Yes
18/07/2022,6,11.6,1.8,2.6,3.1,W,31,12:16,7.2,97,7,WNW,15,1018.9,10.1,69,6,W,19,1021.5,Yes,No
17/07/2022,9.2,16.3,0,2.8,4.7,NNE,59,0:21,11.4,91,6,NNE,15,1007.4,10.7,83,7,W,31,1006.6,No,No
16/07/2022,6.5,13.5,0,2.8,2.4,NNE,61,13:35,9.3,70,7,NNE,20,1020.7,13,53,7,NE,17,1012.4,No,No
15/07/2022,4.8,15.2,0,0.8,3.1,ENE,28,22:43,6.6,100,7, ,Calm,1028.1,13,62,7,NNE,7,1025.1,No,Yes
14/07/2022,3.7,11.7,2.8,1.2,1.1,W,20,11:34,4.9,100,7,NW,2,1027.7,11.5,71,7,SW,7,1027.5,Yes,Yes
13/07/2022,5,12.5,5,0.6,4.4,WNW,50,7:09,6.8,100,5,WNW,7,1019.8,10.2,89,4,WSW,22,1020.5,Yes,No
12/07/2022,5.3,10,0,0,0.1,W,24,14:58,7,100,7, ,Calm,1018.2,9.5,100,7,W,11,1015.9,No,No
11/07/2022,2.7,14,0.2,2.2,5.4,N,37,11:06,6.6,99,7,E,2,1024.7,13.1,56,6,N,17,1021.1,No,Yes
10/07/2022,4.2,14.9,1.8,0,6.7,SSE,15,10:53,7,100,7,WSW,6,1028.4,14.4,64,1,ENE,7,1025.1,Yes,Yes
9/07/2022,5.8,13.1,10.4,3.6,3.4,W,20,2:58,6.8,100,5,SSW,4,1021.8,12.8,89,7,SW,7,1022.5,Yes,Yes
8/07/2022,5.4,11.4,4.8,1.6,1.1,W,41,12:45,8.4,100,7,WNW,17,1015.2,10.3,99,7,W,15,1015.1,Yes,No
7/07/2022,2.3,13.3,0.2,1.4,6.1,SW,35,13:57,5.5,100,7, ,Calm,1018.6,13.1,70,7,SW,9,1016.3,No,No
6/07/2022,-0.3,17.2,0,1.4,9,ENE,17,12:52,2.3,100,0,NE,4,1023.1,17.2,51,1,NE,4,1019.4,No,No
5/07/2022,6.6,14.6,0.2,1.4,7,SSE,44,14:21,9.1,100,7,WSW,7,1027.4,14.1,60,3,SSE,9,1024.1,No,No
4/07/2022,3.7,14.1,0,1.6,7.9,SW,35,14:41,6.6,97,1,SSW,11,1028.2,13.3,59,1,S,13,1026.2,No,No
3/07/2022,3.1,12.5,0.2,0.8,4.8,SSW,31,13:27,5.4,100,7,WSW,7,1029.1,11.8,64,7,SW,13,1026.4,No,No
2/07/2022,4,13.4,0,0,4.3,WSW,26,15:44,6.7,100,7, ,Calm,1030.6,11.2,77,4,SW,13,1028.6,No,No
1/07/2022,2.7,13.1,0,1.6,0.4,WSW,26,15:52,4.7,100,5,SSE,7,1030.8,12,90,6,WSW,11,1029.2,No,No
30/06/2022,2.3,15.3,0,1,6.6,SW,19,15:12,4.2,100,6,ENE,2,1025.3,13.4,61,5,SSW,6,1024.5,No,No
29/06/2022,3.3,11.6,0,1.2,0,N,31,14:55,6.7,91,7,ESE,2,1024.9,11.1,56,7,N,17,1021.8,No,No
28/06/2022,3.8,13.2,0.6,1,4.4,N,22,18:09,4.9,100,7, ,Calm,1032.2,11.9,70,3,NNE,6,1028.1,No,Yes
27/06/2022,4,11.9,4.2,1.6,2.6,SSW,20,13:04,5.6,100,5,NE,2,1032.7,11.1,95,7,SW,4,1032.5,Yes,No
26/06/2022,10.1,12.9,0,2.6,1.1,N,31,3:12,10.9,86,6,NNW,13,1023.3,11.2,87,7,WNW,9,1023.8,No,Yes
25/06/2022,8.9,16,1.2,1.6,8.9,NW,41,13:53,11.3,77,1,N,13,1019.7,15.4,54,2,NNW,19,1019.4,Yes,Yes
24/06/2022,11.2,16.5,4,1.8,4,NNE,52,2:09,12.4,89,7,NNW,15,1014.8,15.5,57,6,WNW,9,1015.1,Yes,No
23/06/2022,10.4,15.2,0,1.2,0.7,NNE,52,23:30,13,90,7,NNE,9,1022.1,14.8,76,7,NNE,15,1017.7,No,Yes
22/06/2022,5,15.2,2.4,2.4,1.8,N,26,12:04,10.4,99,3,NE,6,1024.2,14.1,75,7,N,11,1023.4,Yes,Yes
21/06/2022,10.5,15.2,7.4,2.6,7.1,WSW,35,15:06,10.7,99,1,NNW,9,1018.7,12.8,71,4,WSW,9,1019.1,Yes,No
20/06/2022,4.8,18,0,2.6,4.2,N,39,15:17,13.4,64,6,ENE,7,1021,17.2,58,4,NNE,17,1016.8,No,No
19/06/2022,1.8,16.1,0.2,0.8,5,E,26,12:38,4.8,100,6,SE,7,1027.2,14.1,66,7,ENE,7,1024.5,No,No
18/06/2022,6,16.9,0.6,0.4,5.1,W,13,4:41,7.3,100,7,SSW,6,1028.3,15.1,69,2, ,Calm,1026.5,No,Yes
17/06/2022,9.8,14.3,7.4,1.8,2.7,SSW,20,14:24,10.3,100,7,WSW,9,1023.7,12.6,86,6,SW,7,1023.3,Yes,No
16/06/2022,10.6,14.4,0.4,3.2,0.2,N,35,0:13,12.7,99,7,NW,11,1015,13.5,100,8,WSW,11,1016.8,No,No
15/06/2022,9.5,13.6,0,3.4,2.1,NE,43,10:37,11.2,68,7,NE,11,1014.5,12.6,70,7,N,15,1012.4,No,No
14/06/2022,4.9,13.3,0,2.6,4.3,N,43,16:02,9.8,80,5,NW,2,1022.6,11.9,60,7,NNE,17,1019.2,No,Yes
13/06/2022,8.7,13.8,8.2,1,2.6,SSW,19,0:24,8.9,100,7,W,7,1023.7,13.4,69,6,W,7,1022.3,Yes,No
12/06/2022,9,13.4,0.4,1.2,2.1,WNW,43,4:09,9.7,100,6,WNW,15,1018.5,11.9,83,7,W,19,1017.9,No,No
11/06/2022,7.5,12.7,0.2,1.6,0.4,WNW,50,16:59,9.8,74,7,WNW,13,1019.6,12.1,71,7,WNW,22,1016.9,No,No
10/06/2022,8.8,13.8,0.6,1.2,3.6,WNW,43,10:43,10.8,92,4,WNW,13,1017.9,12.1,77,7,W,22,1017.5,No,No
9/06/2022,8,13.4,0.6,2,2,WNW,43,10:49,9.8,89,7,NW,15,1016.3,11.4,98,7,W,9,1015.5,No,Yes
8/06/2022,5.9,13,3.4,2.6,2.5,W,35,17:57,8.1,96,7,WNW,13,1018.3,11.5,71,6,WSW,20,1017.5,Yes,Yes
7/06/2022,6.6,11,7.2,0.2,5.1,WSW,50,15:54,7,100,7,W,9,1009.5,9.9,69,6,WSW,13,1011.3,Yes,Yes
6/06/2022,7.7,13.8,3.6,0.8,6.2,WNW,54,14:55,9.1,80,1,WNW,13,1003.8,8.4,85,7,WNW,30,1006.2,Yes,No
5/06/2022,9.8,13.9,0.2,3.4,1.9,NNE,54,3:46,9.9,95,7,N,17,1001.8,10.3,70,8,NNW,24,997.9,No,No
4/06/2022,8,14.4,0,2,5.8,NNE,46,12:01,10.4,83,2,N,17,1008.9,13.4,73,6,N,17,1006.3,No,No
3/06/2022,5.1,12.6,0,1.6,3.6,N,39,14:19,8,86,7,N,7,1015.2,11.3,62,5,N,19,1010.2,No,Yes
2/06/2022,3.1,13.1,4.2,0.4,4.3,N,41,17:25,5.2,100,6, ,Calm,1021.9,11.6,56,8,NNE,9,1019.1,Yes,Yes
1/06/2022,4.9,11.8,5.4,2,0.6,W,48,8:09,7.7,100,7,W,24,1007.6,11.2,99,7,WSW,17,1013.2,Yes,Yes
31/05/2022,5.9,11.1,12.2,1.4,3.2,W,59,17:07,8.1,80,3,WNW,13,994.8,8.9,70,7,W,20,996.9,Yes,No
30/05/2022,4.1,9.7,0,2,0,E,19,12:48,7.8,90,7,E,9,994.1,8.8,100,8,E,9,988.9,No,No
29/05/2022,3.8,15.2,0,1.8,6.1,N,28,13:26,6.2,100,3,ESE,11,1010.7,13.1,71,4,N,11,1006.8,No,No
28/05/2022,5.7,15.2,0,0.6,4.7,SSE,9,0:41,7.5,100,4,SE,4,1015.7,13.2,74,7, ,Calm,1012.9,No,Yes
27/05/2022,11.5,17.1,7.6,1.4,3,WSW,15,1:48,12.1,100,7, ,Calm,1019.7,16.1,69,5, ,Calm,1016.3,Yes,No
26/05/2022,7.3,16.4,0,2.8,0.5,NE,24,11:53,14.5,88,7,SE,6,1017,14.6,100,7, ,Calm,1015.9,No,No
25/05/2022,4.8,19.3,0,1.8,3.5,E,24,13:41,7.3,98,7,ENE,9,1023.3,18.2,55,7,NE,7,1019.5,No,No
24/05/2022,3.1,20.2,0,1.8,9.5,E,19,15:03,6.4,100,0,NW,9,1029.4,19.5,53,1,E,7,1024.5,No,No
23/05/2022,6.7,19.6,0,1,8,NW,15,8:18,8,100,5,NW,2,1030.6,18.6,56,1, ,Calm,1027.7,No,No
22/05/2022,3.7,14.7,0,1.4,4.2,WSW,17,16:03,9.7,98,8,NW,6,1031.8,13.9,68,2,SSE,4,1029.1,No,No
21/05/2022,1.3,17.3,0,1,9.4,S,15,15:13,3.7,100,1,ESE,6,1035.3,16.6,56,1,S,6,1031.7,No,No
20/05/2022,8,16.1,0,0.6,0.6,SSW,19,12:39,12.5,71,7,SW,6,1034.5,15.3,58,7,SE,4,1032.9,No,No
19/05/2022,6.3,13.9,0.2,2,0.3,W,28,13:15,8.6,100,6,NW,2,1029.3,13.5,60,7,WSW,13,1029.6,No,No
18/05/2022,9.7,15.1,0.4,0,6.4,WNW,41,14:48,11.2,75,1,NW,9,1020.3,13.3,63,6,W,20,1020.7,No,Yes
17/05/2022,7.7,15.7,2,2.6,5.4,NNW,33,10:49,10.4,76,6,NNW,19,1019.4,13.5,61,7,N,9,1017.6,Yes,No
16/05/2022,11.9,16.3,0.4,4.6,3.7,N,41,12:19,13.7,75,7,NE,13,1013.8,12.5,99,2,WNW,17,1012.4,No,Yes
15/05/2022,13.8,21.2,2.2,1.8,8.9,NNW,50,15:25,16.2,90,1,NNE,13,1012.6,20.1,49,2,NNW,20,1008.3,Yes,No
14/05/2022,14,17.9,0.4,1.2,1.1,NE,33,10:22,16.8,89,7,N,19,1013.1,16.8,81,7,NNE,11,1010.3,No,No
13/05/2022,12.9,17.4,1,0.2,0.3,S,17,12:01,14.5,100,8, ,Calm,1017.6,16.5,100,7,SSE,7,1013.9,No,No
12/05/2022,10.7,19.7,0.2,1.8,0.8,SSE,15,14:00,12.9,100,7, ,Calm,1020.3,18,80,7,SSE,7,1015.8,No,No
11/05/2022,6,18,0,0.8,0.2,SE,9,0:24,10.8,100,7, ,Calm,1028.5,17.8,75,7, ,Calm,1023.9,No,No
10/05/2022,3.2,20.4,0,2,9.1,SSW,11,6:47,6,100,1,SSW,2,1032.1,19.4,55,1,S,6,1028,No,No
9/05/2022,7.6,17.2,0.8,1.2,5.3,W,17,13:47,8.1,100,1,ENE,7,1030.3,15.7,65,4,W,9,1028.3,No,No
8/05/2022,8.8,16.1,0.8,1.8,1.4,SW,22,12:37,11.4,92,3,W,6,1026.1,15.5,69,7,W,11,1025.9,No,Yes
7/05/2022,6.3,15.1,3.6,3,2.4,WNW,48,14:05,10,88,7,NNW,15,1018,12.7,95,8,WNW,13,1017.8,Yes,No
6/05/2022,2.3,14.6,0,2.2,9.2,NNW,39,14:59,6.3,100,2, ,Calm,1017.6,13.4,50,7,NNW,20,1015.4,No,Yes
5/05/2022,2.7,14.4,1.6,1.4,6.4,SW,20,11:56,7,100,1,NNE,2,1017.4,14.2,54,6,WSW,11,1015.5,Yes,No
4/05/2022,10.7,15.6,0,4,0.3,WNW,28,9:17,13.9,77,7,WNW,11,1014.2,15.1,66,7, ,Calm,1013.3,No,No
3/05/2022,9.9,20.6,0,3.4,8.9,N,48,12:45,12.4,92,2,SE,6,1019.5,20.2,50,4,N,17,1014.4,No,No
2/05/2022,13.9,22.2,0,2,7.1,N,26,9:07,16.6,72,7,N,13,1022.7,20,50,6,NW,11,1020.3,No,No
1/05/2022,11.7,19.6,0,2.8,5.8,N,31,10:53,14.5,71,6,N,15,1023.2,18.2,65,5,N,15,1020.6,No,Yes
30/04/2022,10.4,17.7,34.4,7.2,6.3,WSW,56,2:48,12.8,76,1,NW,9,1018.5,17.5,48,6,W,13,1018.4,Yes,No
29/04/2022,15.6,21.1,0,2.2,0.2,NW,41,19:44,19.8,74,8,NNE,11,1017.8,20.4,70,8,NNE,11,1014.5,No,No
28/04/2022,14.7,21.6,0.2,1.8,1.2,NNE,33,14:28,17.4,95,7,SSE,6,1015.7,20.7,67,7,N,15,1014.4,No,No
27/04/2022,12.1,20.9,0,2,0.3,E,22,15:52,14.7,99,7,S,6,1017.9,20.4,76,7,E,2,1014.4,No,No
26/04/2022,7.5,22.7,0,2.8,5.4,S,17,12:47,12.1,99,3,E,2,1023.2,22.3,53,7,NE,6,1018.1,No,No
25/04/2022,5.2,24.2,0,1.8,9.7,NNW,20,13:34,8.7,100,2,SE,7,1029.5,23.4,40,3,N,9,1024.5,No,No
24/04/2022,6.7,19.8,0,1.4,6.9,SSE,17,11:41,9.3,100,7, ,Calm,1034.5,19.4,60,1,SE,6,1030.2,No,No
23/04/2022,5.1,19.9,0.2,2.8,9.8,SW,22,15:25,8.9,100,1,W,6,1033,19.7,56,1,WSW,9,1030.6,No,No
22/04/2022,6.1,18.9,0,4,8.5,SSW,24,15:00,9.9,82,1,S,6,1031.9,18.4,46,3,SW,9,1030,No,No
21/04/2022,11,16.7,0.4,0.8,0.5,SSW,26,17:22,12.1,100,7,WNW,7,1026.5,15.7,55,7,WSW,11,1026.9,No,Yes
20/04/2022,7,19.5,12.6,1.6,2.3,NW,48,23:39,11,100,7, ,Calm,1017.1,18.3,64,7,WNW,13,1016.9,Yes,Yes
19/04/2022,14.3,15.4,18.4,0.8,0,WSW,33,14:05,14.8,100,8,SSE,6,1012.8,13.4,100,8,W,15,1011.7,Yes,Yes
18/04/2022,16.1,17,17.6,7.2,0,E,22,3:35,16.9,100,8,NW,6,1015.3,16.7,100,8, ,Calm,1014.6,Yes,No
17/04/2022,11.8,28.5,0,10.4,8.1,ENE,50,12:20,20.4,49,7,SSE,9,1015.2,27.7,32,7,NNW,19,1010.8,No,No
16/04/2022,13.8,28.7,0,4.4,10.1,NNW,26,12:16,16.8,77,1,SE,4,1020.9,28.1,32,2,NE,9,1017,No,No
15/04/2022,10.9,25.8,0,5,0.9,N,33,9:36,17.5,73,7,ENE,6,1021.8,24.6,40,7,NNE,17,1019.1,No,No
14/04/2022,7.5,25.7,0,0.8,7,NNE,44,17:47,12,100,6, ,Calm,1025.8,24.3,37,7,NNW,13,1022.2,No,No
13/04/2022,10.6,22.6,0,4.2,9.9,SSW,35,14:37,15.7,77,2,SSE,6,1025.6,20.1,62,2,SSW,20,1023.1,No,No
12/04/2022,10.6,17.8,0,2.6,5.1,SSW,28,12:49,14.4,68,7,SW,9,1024.7,16,54,7,S,15,1023.2,No,No
11/04/2022,13.6,19.2,0.8,6.2,1.8,SSW,31,16:31,13.6,100,7,S,7,1021.9,18.4,50,5,SSW,17,1021.4,No,No
10/04/2022,13.4,26.9,0,4.8,10.1,NNE,39,13:43,20.6,73,3,N,9,1019,25.6,47,3,NNE,20,1015.9,No,No
9/04/2022,14.5,25.7,0.2,3.2,7.3,N,37,11:04,16,99,1,E,7,1021.8,22.8,57,7,NE,9,1018.7,No,No
8/04/2022,10.9,25.1,0,3.4,6,ENE,22,20:35,15,98,6, ,Calm,1025,23.3,44,7,ESE,2,1020.9,No,No
7/04/2022,8.6,24.9,0,2,6.8,S,31,15:14,13.7,100,3,ESE,2,1023.9,23.5,54,2,S,11,1021.1,No,No
6/04/2022,12.4,22.8,0,2.6,2.6,SSW,19,4:35,15.9,91,7,S,6,1019.2,21.1,58,7,W,9,1018.1,No,No
5/04/2022,9.9,21.1,0,1.4,6.2,S,24,15:59,12.4,100,8,NW,7,1018.7,19.8,49,4,S,6,1016.9,No,Yes
4/04/2022,13.9,18.4,1.4,0.8,1.2,W,24,10:32,16.3,93,7,W,6,1014.9,17.6,70,7,WSW,9,1014.5,Yes,Yes
3/04/2022,13.6,18,3.6,2.4,0,SW,20,3:06,14.3,100,7,WNW,7,1017.1,17.4,89,7,SSW,11,1013.5,Yes,No
2/04/2022,12.9,17.2,0,4.6,0,SW,37,13:49,14.9,79,7,SW,11,1023.3,17,85,7,SW,11,1020.1,No,No
1/04/2022,11.7,20.7,0,6,7.6,SSW,43,15:39,13,77,1,SW,9,1028.1,18.6,50,7,SW,17,1025.7,No,No
31/03/2022,10.8,22.2,0.8,5.6,5.9,SE,46,16:15,12.2,100,7, ,Calm,1022.8,20.5,50,6,SE,11,1023.5,No,No
30/03/2022,14.8,21.4,0,3.8,5.5,SW,41,15:18,15.2,62,7,S,9,1016.6,19.4,50,5,S,11,1016.1,No,No
29/03/2022,12.6,23,0,4,0.5,SSW,31,15:42,14.8,100,7, ,Calm,1016.9,21.4,58,7,SSW,11,1014.4,No,No
28/03/2022,14.1,25.4,0,8.8,6,SW,33,15:19,16,79,7,E,7,1014.7,24.3,48,3,SW,7,1014.1,No,No
27/03/2022,10.6,29.7,0,4,11,ENE,30,10:31,14.8,99,0,ENE,9,1019.3,28.4,29,2,N,9,1015.5,No,No
26/03/2022,8.1,26.3,0,3.8,11.1,W,50,12:19,10.6,100,1,SSW,2,1023.2,25.7,46,1,WSW,7,1019.5,No,No
25/03/2022,8.2,22.6,0,5.2,7.9,SW,33,14:50,11.3,93,6, ,Calm,1022.1,21.2,55,6,SW,19,1021.1,No,No
24/03/2022,12.7,22.2,0,3.6,8.7,SW,33,14:42,13.4,88,7,SSW,6,1017.7,20.7,44,4,SW,19,1016.1,No,Yes
23/03/2022,11.7,21.1,2.2,2.2,7.3,W,39,13:33,13.7,82,1,WNW,7,1014.6,19.6,56,7,WSW,17,1014.9,Yes,No
22/03/2022,16.4,24,0,5.6,2.6,SSW,30,13:27,17.5,92,7, ,Calm,1010.2,18.8,81,8,SSW,17,1009.2,No,No
21/03/2022,17.1,31.5,0,5,10.3,SW,30,18:15,18.4,99,6,S,6,1015.4,30.5,38,3,SW,7,1012,No,No
20/03/2022,14.5,29.1,0,4.2,8,NE,48,8:17,17.4,96,6, ,Calm,1017,29,43,7,S,6,1015.5,No,No
19/03/2022,10.5,30.8,0,3.2,10.7,ESE,26,12:22,14.5,99,1,ENE,6,1019.7,28.9,42,2,E,9,1016.2,No,No
18/03/2022,17.4,23.3,0.4,5,2,SSW,35,14:58,19.4,81,7,S,7,1020.6,22,63,7,S,11,1020.3,No,No
17/03/2022,14.6,29.3,0,4.6,5,WSW,50,22:32,17.4,97,7, ,Calm,1015.2,27.7,50,5,NNE,9,1013.4,No,Yes
16/03/2022,17.3,22.5,1.6,3.6,1.7,ESE,33,10:40,18,100,7,SE,7,1018.8,21.9,64,7,ESE,9,1016.5,Yes,No
15/03/2022,16.8,27.8,0.4,6.2,3.6,N,28,10:12,19.3,96,2,WNW,7,1019.8,27.1,44,7,ENE,4,1017.8,No,No
14/03/2022,15.1,30.4,0,5,9.3,SW,33,14:55,16.8,90,5, ,Calm,1021.2,29,46,6,SSW,11,1018.3,No,No
13/03/2022,11.8,30.4,0,5.8,11.6,NNW,33,12:07,16.4,83,1,S,7,1020.7,28.3,41,3,NE,13,1018.5,No,No
12/03/2022,8.1,24.8,0,3.4,10.7,W,28,15:16,11.8,90,7,SSW,2,1022.5,23.7,47,1,WSW,15,1020.4,No,No
11/03/2022,8.1,21.7,0,4.6,4.4,SSW,31,17:43,13,93,7,SSE,6,1021.2,20.5,51,6,SW,13,1019.5,No,No
10/03/2022,10,22.3,0,6.6,11.6,SSW,39,15:44,15.1,80,1,S,7,1021.6,20.3,54,3,SSW,19,1019.9,No,No
9/03/2022,13.7,23.6,0,4,11.1,S,46,18:11,16.4,70,1,SSE,9,1020.5,22.2,38,4,SSE,13,1019.2,No,No
8/03/2022,14.6,21.7,0.8,5.8,3.3,SSW,37,2:37,16.9,77,7,S,11,1018,20.3,61,7,SSW,17,1017.2,No,No
7/03/2022,13.5,25.7,0,2.8,8.1,S,31,0:21,16.7,87,2,SW,2,1015.5,23.9,55,4,WSW,15,1012.5,No,Yes
6/03/2022,15.3,22.7,6,3.2,1.3,SSE,48,16:02,16,100,8,SW,7,1015.9,21.3,62,7,SSE,22,1015.6,Yes,Yes
5/03/2022,16.4,22.2,47.2,10,1.5,WSW,33,15:57,16.5,100,7,W,7,1006.8,19.2,100,7,SW,7,1007.4,Yes,No
4/03/2022,15.5,32.8,0,8,5.3,SW,39,17:42,20.9,81,6,ESE,4,1011.8,31.7,36,7,N,9,1008.9,No,No
3/03/2022,15.7,32.5,0,3.6,12.1,SW,28,14:48,19.9,89,0, ,Calm,1014.1,31,36,1,W,13,1011.9,No,Yes
2/03/2022,19.1,31.1,3.8,0.6,4.4,ESE,22,14:06,19.9,100,7, ,Calm,1013.1,27,47,6,E,9,1011.5,Yes,No
1/03/2022,19.1,27.3,0,3.8,1.1,E,19,21:52,19.9,100,7, ,Calm,1011.9,24.4,72,7,WNW,4,1011.1,No,No
28/02/2022,17,26.1,0,4.8,3.7,SSW,28,17:09,19.3,93,8,SSW,6,1014.1,25.2,62,6,WSW,15,1012.5,No,No
27/02/2022,13.9,27.4,0,5.8,3.4,SW,28,14:52,17,100,7, ,Calm,1015.8,26.5,49,7,SW,4,1012.7,No,No
26/02/2022,15.6,30.9,0,4.8,10.8,SSW,35,15:21,17.9,96,5, ,Calm,1018.1,28.3,44,3,S,9,1014.6,No,No
25/02/2022,17.1,23.9,0,4.8,5.8,WSW,33,14:19,18.4,68,8,S,9,1020.2,22.9,59,3,WSW,17,1017.9,No,No
24/02/2022,18.3,26.7,0.6,6.8,2.9,WSW,31,16:40,20.5,99,7,WSW,7,1019.1,25.7,63,7,WSW,13,1017.7,No,No
23/02/2022,12.8,35.5,0,6.4,9.4,SSE,31,18:18,18.3,82,2,NNW,2,1017.9,33.6,29,5,NW,9,1014.5,No,No
22/02/2022,11.1,25.8,0.2,6.4,12.5,SW,30,15:53,16.5,63,1,SSE,7,1017.5,25.1,41,1,SW,15,1015.4,No,Yes
21/02/2022,12.6,22.1,2.6,5.8,11.3,WSW,39,13:31,14.6,73,1,W,9,1012.2,20.7,41,6,WSW,17,1013.1,Yes,No
20/02/2022,10,30.3,0,7.2,5.6,WNW,37,12:57,15.3,81,6,SE,4,1008.5,24.3,44,7,WSW,20,1004,No,No
19/02/2022,11.5,25.2,0.4,6.2,12.4,W,30,12:43,17.2,57,1,SSW,7,1020.9,24.2,40,1,WSW,13,1017,No,No
18/02/2022,14.4,22.5,0,5.8,7.3,WSW,43,12:14,16.7,71,7,WNW,13,1014.6,18.6,63,7,W,20,1017.1,No,No
17/02/2022,16.6,25.7,0,4,2.4,SSW,28,14:15,17.2,83,7,WSW,11,1012.5,23.9,45,7,SSW,15,1011,No,No
16/02/2022,15.4,27,0,5.6,2.4,SW,19,14:03,17.8,85,7,SW,2,1016.3,25.5,57,7,WSW,13,1011.7,No,No
15/02/2022,17.9,25.9,0,9.8,6.7,WSW,28,15:36,17.9,83,8,SW,9,1024.4,24.5,53,3,SW,13,1022.1,No,No
14/02/2022,15.7,35.4,0,12.6,12.2,NE,48,10:28,21.5,60,3,WNW,2,1019.7,27.9,48,1,WSW,17,1018.9,No,No
13/02/2022,14.6,32.5,0,8.6,9.1,E,41,7:48,23.7,49,4,SE,15,1016.8,30.9,32,7,E,13,1014.6,No,No
12/02/2022,12.3,30.1,0,6.4,12.4,WSW,28,23:39,18.5,77,1,SSW,2,1020.1,29.2,34,2,SSW,9,1016.6,No,No
11/02/2022,14.4,24.6,0,7.6,9.2,SSW,46,16:19,19,61,4,SSW,11,1021.7,22.7,43,5,SSW,22,1020.2,No,No
10/02/2022,16.4,26.1,0.4,5.2,6.8,SW,41,16:48,18.1,90,7, ,Calm,1014.6,25.1,43,4,WSW,13,1015.1,No,No
9/02/2022,16.4,32.2,0,9.2,4.4,W,46,16:04,19.1,70,8, ,Calm,1008.9,29.6,35,6,NE,7,1006.5,No,No
8/02/2022,12.8,31.9,0,10.8,12.1,NW,35,10:47,20.8,65,1,ESE,6,1016.5,31.1,25,3,SSE,9,1011.4,No,No
7/02/2022,12.6,30.1,0,8.2,13.1,SW,35,14:45,20.5,65,1,SSE,9,1024.7,29.4,30,1,S,11,1019.9,No,No
6/02/2022,12.5,29.9,0,8.2,12.9,SSE,31,17:17,19.1,69,1,SSW,6,1025,27.1,34,4,SSE,7,1022.8,No,No
5/02/2022,11.2,28.1,0,7.6,13.2,SSW,33,14:22,17.3,73,1, ,Calm,1022.3,27.1,35,2,SSW,13,1019.9,No,No
4/02/2022,9.5,26.3,0.2,2.6,12.5,SSW,33,16:28,16.7,76,1,S,6,1021.3,25.4,33,4,SSE,9,1019.1,No,Yes
3/02/2022,12.5,18.8,1.4,4.2,2.2,SW,44,13:13,14.2,98,7,S,4,1014.6,17.6,56,7,SW,22,1015.9,Yes,No
2/02/2022,13.7,21.3,0.6,8.6,1.1,SSW,46,11:14,16.4,61,4,WSW,13,1011.3,18.8,43,7,SW,20,1011.6,No,No
1/02/2022,19.5,25.1,0,9.6,8.4,SSW,48,19:02,20.4,79,3,SW,15,1003,24.5,48,6,WSW,17,1002.8,No,No
31/01/2022,20,35.3,0,4.4,10.9,N,24,13:41,22.3,89,4,ENE,2,1009.2,33.8,35,5,N,9,1003.9,No,No
30/01/2022,18,30.7,0,3,6.2,SSW,28,17:29,21.1,87,7,SSE,7,1015.2,28.9,53,6,SW,11,1011.9,No,Yes
29/01/2022,16.8,22.1,18.8,5.4,0.3,WSW,33,17:01,18.2,100,7,WSW,4,1017.4,21.2,73,7,W,17,1016.5,Yes,Yes
28/01/2022,19.9,34.9,3.4,13.2,4.6,SSW,54,13:44,27.6,63,6,NNE,4,1009.4,21.9,99,7,S,28,1010.5,Yes,Yes
27/01/2022,19.9,32.5,12,13,9.7,WNW,41,20:49,20.1,100,7,ESE,11,1009.9,30.9,49,1,E,15,1006.8,Yes,No
26/01/2022,18.7,38.1,0,9.2,10.5,W,39,19:48,23.7,72,1, ,Calm,1010,37.7,25,2,ESE,11,1006.1,No,No
25/01/2022,19.5,37.5,0,10,12.8,SW,39,16:32,27.2,54,3,NNW,6,1009.1,34.6,30,1,WSW,19,1006.3,No,No
24/01/2022,18.7,37.2,0,10.8,10.6,NW,35,9:19,25.1,62,6,E,4,1011.6,36.7,25,3,SW,13,1006.9,No,No
23/01/2022,16.7,36.1,0,11.4,11.9,NW,39,0:31,24.8,55,2,ENE,4,1016.7,35,25,7,SE,11,1012,No,No
22/01/2022,14.7,35.3,0,12,13.3,SSE,31,12:57,25.6,48,1,N,7,1023.3,33.6,26,1,E,20,1017.9,No,No
21/01/2022,14.3,33.1,0,8.8,13.5,ENE,30,10:11,23.2,43,0,S,9,1028,32.3,31,1,SSW,13,1023.5,No,No
20/01/2022,11.1,31.6,0,10,13.6,WSW,24,14:45,17.8,65,0,NW,6,1027.5,29.8,27,1,SSW,9,1024.5,No,No
19/01/2022,13.3,29.1,0,7.2,13.6,ESE,44,15:41,18.7,67,1,SSW,6,1021,26.7,40,1,SE,20,1020.6,No,No
18/01/2022,16.2,24.6,0,7.6,6.1,SSW,43,15:21,18.6,58,7,SW,9,1016.1,22.1,45,6,SSW,15,1015.8,No,No
17/01/2022,18.4,26.5,0,8,7.3,SSW,37,17:32,18.5,79,7,SW,11,1010.7,23.2,49,3,SW,13,1010.5,No,No
16/01/2022,17.3,35,0,5.8,11.6,WSW,26,16:12,19,68,1,NW,4,1009.2,33.2,27,1,ESE,6,1005.9,No,Yes
15/01/2022,18.5,26.2,2,9,5,SW,31,16:07,19.2,81,8,W,11,1004.2,25.3,57,7,WSW,19,1005.3,Yes,No
14/01/2022,19.2,33.4,0,10.4,8.9,N,35,16:03,23.7,80,7, ,Calm,1005.7,31.8,42,7,NNE,9,1001.9,No,No
13/01/2022,16.2,36.2,0,8.2,9.8,E,41,12:49,25,57,1,S,6,1016.2,34.5,27,3,NNE,11,1010,No,No
12/01/2022,15.9,32.8,0,7.6,11.7,SW,28,15:24,21.2,72,,WSW,6,1021.3,31.3,41,4,S,7,1017.5,No,No
11/01/2022,18.2,32.5,0,8,10.8,SE,33,16:25,21.3,69,7,WSW,7,1020.4,31.1,29,6,S,13,1018.9,No,No
10/01/2022,14.2,34.9,0,6.8,10.9,SW,30,13:11,19,79,5,SSE,7,1017.7,32.9,29,2,S,11,1015.9,No,No
9/01/2022,15.3,25.9,0.6,2.4,9.7,WSW,30,14:04,16.9,73,7,SSW,4,1016,24.7,48,1,SW,15,1014.7,No,Yes
8/01/2022,16.9,22.6,2.8,5,4.8,WSW,28,11:09,17,100,8,WSW,13,1012.6,19.2,83,7,WSW,13,1013.5,Yes,Yes
7/01/2022,18,28.3,1.8,7.8,5.2,WSW,48,17:14,22.7,72,6,SSE,9,1008.1,25.7,66,5,W,9,1007,Yes,No
6/01/2022,16.7,32.4,0.4,6.6,9.9,NE,31,13:34,23.2,73,4,SSW,6,1010.1,23,95,7,SE,6,1007.2,No,No
5/01/2022,18.1,30.1,0,1.8,5,ENE,50,15:00,22.3,76,7,WSW,2,1009.5,26.7,56,7,E,19,1007.9,No,No
4/01/2022,15.1,24.5,0,7.6,0.5,S,31,19:49,18.1,78,8,WSW,9,1012.9,22.6,65,8,WSW,13,1011.7,No,No
3/01/2022,16.4,24,0,10,10.5,W,41,15:00,18,63,6,WSW,9,1013.3,21.7,47,1,W,22,1012,No,No
2/01/2022,20.2,33.8,0,11.6,8.6,WSW,44,15:26,23.6,54,7,S,7,1007.1,31.4,34,3,SSW,22,1006.4,No,No
1/01/2022,17.7,39,0,16.4,8.5,N,41,11:06,30.1,36,4,SE,4,1008.3,31.2,32,7,WSW,17,1005.8,No,No
31/12/2021,15,38.9,0,11.4,12.8,NNE,48,10:34,26.9,43,0,ENE,4,1010.6,38.2,14,1,NW,13,1007.4,No,No
30/12/2021,12.8,35.8,0,6.8,12.4,SSW,30,17:55,15.6,89,1,S,9,1015.6,35,23,1,SSW,11,1010.4,No,No
29/12/2021,10.2,27,0,8,13.7,SW,33,16:49,17.7,71,3,SW,4,1019.4,24.6,45,1,WSW,11,1016.2,No,No
28/12/2021,9.8,25.9,0,8,11.9,W,39,15:13,14.7,70,1,ENE,7,1021.7,24.3,40,2,WSW,17,1017.7,No,No
27/12/2021,12.8,24.1,0,5.8,9.7,S,46,17:37,15,67,7,WSW,15,1022.3,23.5,39,5,SSW,19,1019,No,No
26/12/2021,13.9,18.9,0,8,2.7,WSW,41,14:29,15.1,67,8,SW,11,1019.9,17.7,59,7,WSW,22,1019.5,No,No
25/12/2021,15.7,24.4,0,6.8,6.1,SSW,39,15:33,17.4,82,7,SE,6,1016.6,23.1,53,2,SSW,17,1015,No,No
24/12/2021,9.9,30.1,0,6.4,13.1,SW,24,16:49,15.9,70,1,NE,6,1015,27.9,37,1,WSW,11,1011.7,No,No
23/12/2021,10.8,22.8,0,5.8,8.7,WSW,35,14:22,17,59,7,SSE,7,1014.8,22,49,4,WSW,17,1013.9,No,No
22/12/2021,14.9,22.2,0,7.6,6.2,SSW,31,8:27,16.4,72,7,SW,13,1015.2,19.7,54,7,WSW,13,1013.6,No,No
21/12/2021,11.7,27.7,0.2,7.8,13.1,SSW,31,15:22,17.6,70,6,WNW,7,1014.8,26.4,38,1,S,13,1011.6,No,Yes
20/12/2021,10.8,29.5,1.8,6.8,12.9,W,44,17:32,15.9,53,1,NNW,15,1014.4,27.7,36,3,NW,15,1011.9,Yes,No
19/12/2021,14.5,23,1,8.6,4.2,W,80,13:54,17.3,100,7, ,Calm,1001.9,15.5,86,7,W,46,1003.4,No,No
18/12/2021,15.7,35.4,0,12.8,11,NNE,44,7:52,28.4,29,4,NNE,20,1004.6,24.2,61,4,S,22,1006.6,No,No
17/12/2021,6.8,31.6,0,6.8,10.2,NNE,31,13:30,17.1,69,1,E,6,1014.3,29.8,29,6,NNE,13,1009.6,No,No
16/12/2021,10.4,22.6,0,3,11.4,SW,37,14:55,15.1,84,7,W,9,1017.2,21.6,43,1,SW,15,1016.3,No,No
15/12/2021,13.8,17.4,0,6,0,SW,26,12:43,16.6,97,8,WSW,9,1013,16.4,79,8,SW,15,1014.5,No,No
14/12/2021,15.3,24.3,0,10.4,11.2,SW,31,15:30,18,70,7,SW,9,1015.4,23,57,1,SW,19,1012.9,No,No
13/12/2021,12.1,33,0,8,8.3,WSW,50,18:35,24.9,44,1,ENE,9,1012.2,30.1,29,6,NNE,9,1009.6,No,No
12/12/2021,7.7,29,0,6.2,13,SE,28,18:06,16,72,1,SSE,6,1017.7,27.4,32,1,ENE,9,1013.6,No,No
11/12/2021,11.5,22.7,0.2,4.6,8.6,SW,31,7:38,16.8,68,5,SW,11,1018.5,20.9,52,7,S,13,1016.4,No,No
10/12/2021,12.1,20.3,0.2,2.2,6.2,WSW,46,17:04,15.8,69,7,SW,11,1017.4,17.5,62,7,WSW,22,1015.9,No,No
9/12/2021,11.2,16.9,1,5,0.2,WSW,37,12:52,13.8,83,7,SW,15,1016.9,15.4,76,8,WSW,20,1016.8,No,Yes
8/12/2021,6.2,18.3,1.2,3,8.7,SW,46,15:57,14.5,62,7,SW,11,1017.8,17.4,46,2,SW,26,1016.8,Yes,Yes
7/12/2021,14.1,15.4,1.6,8.6,0.1,WSW,33,10:40,15,91,8,WSW,7,1012.2,14.6,72,7,WSW,17,1014.1,Yes,No
6/12/2021,10.5,28.4,0,7.6,10.8,NE,44,15:10,21.1,45,3,NNE,13,1014.1,27.4,42,6,NNW,19,1010.2,No,No
5/12/2021,8.3,22,0,3.4,13,WSW,28,17:29,14.4,57,1,SSW,11,1021.9,20.3,48,6,W,13,1018.1,No,No
4/12/2021,11.2,19.7,0,6.8,2.7,SW,37,8:48,14.7,65,6,WSW,15,1019.2,19.3,57,7,SW,19,1018.8,No,Yes
3/12/2021,11.2,21.5,6.6,7,11.7,SSW,35,18:07,16,73,1,WSW,11,1019.6,18.9,57,4,SW,15,1018.1,Yes,Yes
2/12/2021,15.6,33.5,5.8,12.2,8.8,WSW,78,15:53,24.1,53,5, ,Calm,1013.9,32.7,33,7,NNE,17,1010.4,Yes,No
1/12/2021,14.9,33.1,0,11.4,5.2,W,56,15:38,23.3,64,7, ,Calm,1012.7,30.2,36,4,NNE,13,1011,No,No
30/11/2021,11.5,31.8,0,8,13.6,NNW,30,9:19,22.2,66,0,N,7,1015.1,31.2,29,4,E,11,1011.4,No,No
29/11/2021,8.8,29.2,0,6.4,12.5,NNW,24,10:57,17.5,74,0,E,7,1018.7,27.1,37,3,ENE,7,1014.7,No,No
28/11/2021,6.7,23.9,0,7,12.1,SW,28,14:06,15.3,73,2,S,6,1024,22.9,38,1,WSW,11,1019.3,No,No
27/11/2021,9.9,21.9,0,5.8,12.8,SE,37,10:18,16,66,1,SW,13,1023,20.3,48,3,S,19,1020.6,No,No
26/11/2021,12.3,20.2,0,0,2.8,SE,48,10:04,15.5,99,8,SW,11,1015.6,18.9,58,7,S,17,1016.9,No,No
25/11/2021,15.3,16.6,0,4.2,0,SSW,35,14:57,15.7,99,8,SSW,11,1013.2,15.3,93,8,SSW,13,1012.4,No,No
24/11/2021,15.9,28.4,0,5.6,4.4,WNW,28,12:15,22.7,76,6,NE,6,1013.6,27.6,47,6,SE,7,1011.1,No,No
23/11/2021,12.5,25.5,0,6.8,2.4,N,33,11:33,21,58,7,ENE,7,1017,24.2,51,7,NNE,11,1014.5,No,No
22/11/2021,8.4,23.3,0,5,11.4,W,24,16:57,13.5,97,3,S,7,1022.7,22,55,7,WSW,13,1019.2,No,No
21/11/2021,9.3,18.7,0,5.4,9.1,SSW,39,13:59,13.6,71,7,SW,7,1020.1,17.2,60,2,SSW,22,1019.5,No,No
20/11/2021,10.7,18.2,0.2,3.4,7.6,SSW,35,12:02,14.5,65,7,SSE,6,1014.9,16.8,53,4,SSW,20,1014.7,No,No
19/11/2021,12.3,18.2,0.6,9.2,2.1,SSW,41,1:02,15,65,7,SW,13,1013.9,16.9,60,7,SW,13,1012.5,No,No
18/11/2021,7.9,26.3,0,5,5.2,NNE,67,15:38,19.8,41,7,ESE,13,1013.3,23.1,39,5,NNE,20,1006.9,No,No
17/11/2021,9.3,20.3,0,1.2,8.2,W,28,15:39,13.1,62,7,SSE,7,1023.5,19.4,48,5,W,15,1020,No,Yes
16/11/2021,6.3,15.3,1.2,4.4,1.2,SW,30,11:28,10.1,82,7,SW,7,1019.2,14.9,58,7,SSW,17,1020.3,Yes,Yes
15/11/2021,7.4,14.1,2.6,5,6,W,52,0:41,10.6,61,6,W,17,1009,11.8,58,6,SW,17,1011.1,Yes,No
14/11/2021,5.9,15.3,1,1.2,8.8,W,65,12:45,11.4,67,3,NNW,24,1004.3,13.3,63,7,W,24,1001.8,No,Yes
13/11/2021,9.7,15.2,11,5.8,2.2,SW,50,11:39,11.2,100,8,WSW,2,1003.9,11.8,89,7,WSW,20,1006.1,Yes,Yes
12/11/2021,9.9,13.8,1.4,4.4,0,SW,43,15:30,11.4,91,8,SSW,7,996.9,13.4,98,8,SSW,15,996.5,Yes,Yes
11/11/2021,6.6,17.3,6.6,2.6,6.9,SSW,37,12:49,11.1,97,6, ,Calm,1010.3,15.7,56,7,S,20,1005.2,Yes,Yes
10/11/2021,11.5,15.1,11.6,5,2.3,SSW,33,17:57,11.7,100,8,SW,9,1011,12,86,7,SW,17,1009.8,Yes,No
9/11/2021,4.8,20.9,0,4.2,9.2,SW,24,13:26,12.4,82,1,SE,2,1013.2,19.9,50,7,WSW,11,1011.3,No,No
8/11/2021,11,17.8,0,2.4,7.9,SSW,33,15:02,13.5,72,7,SW,9,1012.1,16.9,51,5,SSW,11,1012.1,No,Yes
7/11/2021,12.3,17.3,7,5.2,0,SW,28,3:46,12.9,100,7,SSW,11,1010.5,16.2,69,7,SW,9,1009.4,Yes,No
6/11/2021,16.1,26.4,0,5.4,4.3,NNW,43,16:40,21.1,73,6,ENE,13,1009.4,25.8,55,7,N,17,1004.5,No,No
5/11/2021,11.7,24.7,0,3.8,7.9,SSW,24,14:06,16.3,91,7,SW,6,1021.6,24.3,61,2,SSW,13,1015.4,No,Yes
4/11/2021,11.9,20.3,41,3,8.3,SSW,35,15:52,13.8,91,7,SW,13,1025.6,19.7,61,1,SSE,13,1024.4,Yes,No
3/11/2021,16.2,24.4,0,12.6,0.1,NE,50,10:25,22.8,47,7,E,17,1015.6,18.9,100,8,NE,6,1016.8,No,No
2/11/2021,9.1,28.7,0,6,12,NNW,39,12:32,16.7,83,1,N,4,1023,28.6,35,4,N,15,1018.6,No,No
1/11/2021,6.3,25.8,0,4.6,12.5,W,28,16:01,14,83,4,NNW,6,1024.7,24.7,37,4,SSE,9,1021.8,No,Yes
31/10/2021,4.9,21.1,1.2,2,12.9,SW,26,16:01,11.6,85,1,NW,2,1026.6,19.5,40,1,WNW,9,1023.3,Yes,No
30/10/2021,4.6,15,1,4.2,7.8,SW,43,14:33,10.4,70,1,NW,6,1021.3,12.5,74,6,SW,17,1021.1,No,Yes
29/10/2021,11.6,14.9,8.4,8.2,6.4,W,104,6:33,11.9,70,7,W,30,1002.6,14.1,58,6,SW,22,1010.5,Yes,No
28/10/2021,13.6,27.2,0.2,9.2,5.4,ENE,69,21:53,14.8,99,7, ,Calm,1010.9,26.7,45,7,NE,11,1003.3,No,No
27/10/2021,6.7,26.1,0,4.8,10.9,NE,41,13:46,16.4,83,1,ESE,6,1015.6,25,29,6,N,20,1012.5,No,No
26/10/2021,2.8,21,0.2,2.2,11.7,SW,22,15:19,10.1,83,1,ESE,6,1021.3,20.3,52,1,WNW,9,1017.3,No,No
25/10/2021,9.2,15.9,0.2,4.4,5.1,SSW,44,13:04,10.3,81,7,W,17,1021.6,13.8,55,6,SSW,20,1020.5,No,Yes
24/10/2021,8.4,15.3,8.2,1.8,7.2,WSW,43,9:25,10.6,98,6,WNW,15,1022.2,13.9,57,7,SSW,22,1021.9,Yes,Yes
23/10/2021,12.2,16.1,11.8,7.6,0,SW,52,10:44,12.6,100,8,WSW,9,1014.8,14.4,77,8,SW,13,1016.1,Yes,No
22/10/2021,13,27.3,0,4.6,6.1,E,28,14:29,17.4,88,1,NE,2,1015.4,26.3,41,7,ENE,7,1011.3,No,No
21/10/2021,12.2,25.2,0,5.2,3.2,N,30,10:19,16,86,7,E,2,1015.2,24.5,44,6,ENE,11,1012.9,No,No
20/10/2021,6.4,24,0.2,3.2,12,S,20,23:13,12.4,99,2,E,7,1022,23.3,42,2,SW,4,1016.9,No,Yes
19/10/2021,7.9,16.5,3.8,2.6,5,SSW,31,14:56,11.9,100,7,WSW,4,1022.2,15.6,79,7,SW,13,1021.6,Yes,No
18/10/2021,7.9,16.7,0,2,0.9,WSW,28,14:58,14.7,66,8,W,4,1012.9,16.2,62,8,SSW,15,1013.3,No,No
17/10/2021,9.9,18.2,0.4,4.8,5.6,W,24,23:09,12.2,82,7,W,9,1015.2,17.5,54,7,SW,7,1012.9,No,Yes
16/10/2021,10.4,15.6,36.2,1.6,3.4,SSW,61,3:19,12.3,98,7,WSW,15,1008.5,14.1,75,7,SSW,19,1010.1,Yes,No
15/10/2021,7.8,17.8,1,4.6,5,W,50,22:30,11.2,99,4,WNW,9,1004.1,12.6,85,7,W,24,1001.6,No,Yes
14/10/2021,6.7,19.4,20.8,6.2,10,SW,30,23:02,10.9,99,1,ENE,7,1006,17.8,40,6,NNW,15,1003.3,Yes,No
13/10/2021,8.1,18.4,0.2,3.6,3.1,W,44,21:14,13.6,78,7,ENE,9,1011.8,16.8,65,7,ENE,15,1007.6,No,No
12/10/2021,2.3,20.8,0.4,2.8,9.9,ESE,19,22:51,8.3,88,0,ENE,7,1018,19.2,40,6, ,Calm,1013.8,No,No
11/10/2021,5.4,14.9,0.8,4,4.4,SSW,28,12:12,9.3,90,5,SW,7,1019.5,13,57,5,SSW,15,1018.5,No,Yes
10/10/2021,9,15.9,1.8,5.4,7.6,SSW,43,16:23,11.4,89,7,SW,13,1014.1,14.5,55,6,SSW,19,1012.3,Yes,No
9/10/2021,9.4,24.2,0,7.2,8.1,N,46,14:08,16.8,49,7,NNE,11,1012.1,23.6,35,6,N,20,1009.1,No,No
8/10/2021,4.6,20.7,0,4,11.7,NNW,41,14:18,9.4,96,7,NE,6,1017.2,19.6,43,7,ENE,17,1013.6,No,Yes
7/10/2021,7.9,16.3,3.6,6.2,10.3,W,54,1:44,10.4,80,1,W,13,1012.4,14.4,63,7,SSW,11,1014,Yes,No
6/10/2021,5.9,20.8,0.2,4.4,8.6,N,35,11:07,11.3,82,1,E,6,1014.8,20,46,5,N,19,1010.2,No,Yes
5/10/2021,9.6,17.5,2,5.4,5.7,W,57,11:19,11.3,66,7,WNW,20,1008.1,15.5,51,4,W,22,1010.9,Yes,Yes
4/10/2021,10.6,17.9,1.6,3,8,WNW,61,13:33,12.7,68,7,NE,9,999.6,14,57,4,WNW,19,999.3,Yes,No
3/10/2021,12.2,21.5,0,1.4,5.9,NNW,37,15:49,14.2,98,4,NNE,7,1004.4,20.7,57,7,NW,17,999.5,No,Yes
2/10/2021,13.2,18.6,11,3,3.5,WSW,30,7:29,13.7,100,7,WSW,13,1006.4,16.8,73,6,SW,13,1004.8,Yes,Yes
1/10/2021,12.8,20.8,27.4,2.8,5.8,E,31,10:37,15.8,85,7,ENE,6,1005.5,19.6,58,5,ESE,7,1002.8,Yes,Yes
30/09/2021,12.6,18.6,5.4,2,0.4,NNW,20,19:20,15.5,100,7,ESE,6,1008.4,14.9,100,8,SW,6,1004.7,Yes,No
29/09/2021,11.3,19.1,0.2,5.2,0.8,SE,24,17:10,13.2,99,7, ,Calm,1015.3,18.9,67,7,ESE,2,1011,No,No
28/09/2021,4.5,23.7,0,6,9.1,ENE,20,12:23,13.1,70,7,E,6,1018.2,22.1,36,7,NW,11,1014.2,No,No
27/09/2021,2.3,19.5,0.2,3.8,11.2,NW,35,14:40,10.3,79,5,E,2,1023.2,18.6,36,5,N,17,1018.5,No,No
26/09/2021,1.9,16.1,0,2.4,9.7,S,26,9:52,9.6,74,1,ESE,4,1028.2,15.4,41,1,SSE,7,1024.4,No,No
25/09/2021,4.8,13.3,0,4.6,5.9,SSW,39,13:17,9.7,76,3,SW,11,1020.4,12.7,51,6,SW,15,1022.1,No,No
24/09/2021,11.1,18.7,0,7.6,9.1,WSW,59,18:33,15,61,1,NNW,17,1009.3,18.2,39,5,W,26,1007.7,No,No
23/09/2021,7.9,20.2,0,2.8,11.4,N,39,13:42,13.2,83,2,NNW,13,1020,18.8,57,1,N,24,1014.9,No,Yes
22/09/2021,7.5,18.4,2.8,0.8,6.2,W,28,2:36,11.9,96,7,W,13,1026.8,17.1,64,3,NE,6,1023.5,Yes,Yes
21/09/2021,5.3,13.2,12.2,3,3.5,WSW,46,10:25,7.7,99,4,SW,13,1025.2,11.8,58,7,SW,17,1026.2,Yes,Yes
20/09/2021,9.5,13.4,3,5.6,6.6,WSW,67,13:14,11.9,60,4,WNW,20,1011.8,10.1,67,7,WNW,19,1011.6,Yes,Yes
19/09/2021,7.3,17.2,1.2,5.8,2.6,NNW,54,15:56,10.4,72,7,NNE,15,1017.5,16,49,7,N,26,1013.3,Yes,No
18/09/2021,11.3,17.1,0.2,5.4,9.3,W,61,15:46,14.3,58,1,NW,13,1013.1,14.6,52,5,WNW,24,1014.3,No,No
17/09/2021,4.1,21.2,0,3.6,5.8,NE,57,15:52,15.6,53,1,NE,13,1015.1,20.1,41,3,ENE,17,1008.5,No,No
16/09/2021,1.9,18.2,0,3.4,9.1,NNW,22,15:48,8,99,2,ESE,6,1024.6,17,43,5,NE,9,1020.3,No,No
15/09/2021,2.1,15.9,0.2,3,10.8,SSE,28,12:25,6.4,100,1,S,7,1027.7,15.5,49,2,S,9,1024,No,No
14/09/2021,4.1,15.9,0.6,2.4,8.5,WSW,31,15:46,8.3,99,3,WNW,2,1027.7,15.2,56,5,SW,11,1025.2,No,Yes
13/09/2021,5.9,14.7,6.4,3.6,9.1,SSW,39,12:39,9,99,7,W,6,1019.3,13.5,55,4,SW,22,1020.7,Yes,No
12/09/2021,8.8,16.4,0,5.2,7.3,W,44,3:48,11.8,55,1,WNW,19,1006,14.4,45,7,N,15,1005.5,No,No
11/09/2021,12.6,22.7,0,6.4,1.1,NNE,52,8:56,17.6,33,7,NNE,28,1006,22.4,35,7,WNW,17,1003,No,No
10/09/2021,9.6,19,0,6.2,2.9,N,37,23:59,12.9,67,7,W,7,1023.3,16.4,51,7,NNE,9,1019.5,No,No
9/09/2021,11.6,24.6,0,5.2,8.5,N,57,7:13,15.4,56,7,NNE,31,1022.9,22.1,44,6,NNE,17,1017,No,No
8/09/2021,8.7,18.5,0,1.4,11,NE,44,15:20,11.7,75,0,NNE,11,1030.9,18.1,54,1,NNE,19,1026.4,No,No
7/09/2021,8.5,15.6,0,3.2,4.9,W,41,9:19,12.3,83,7,W,22,1030.5,14.3,75,6,SSW,17,1030.1,No,Yes
6/09/2021,8.2,15.9,1.6,1.8,10.4,SW,35,1:30,10.9,82,2,WSW,9,1030.8,14.6,52,1,SW,9,1029.9,Yes,Yes
5/09/2021,7.9,13.5,16.4,4.4,6.4,SSW,44,13:40,9.6,92,7,WSW,15,1022.1,12,69,7,SW,19,1022.1,Yes,Yes
4/09/2021,9.8,14.2,43,4.4,4.1,S,41,15:51,10.7,99,7,S,13,1019.2,13,60,6,SSW,20,1018.3,Yes,No
3/09/2021,20.7,24.2,0,12,2.5,NNE,69,9:12,23.9,41,7,NNE,22,1012.5,15.9,100,8,WNW,13,1012.2,No,No
2/09/2021,12.7,25.7,0,7.6,10.8,NNE,48,12:33,20.8,38,0,ENE,15,1020.2,25.4,26,0,ENE,19,1014.2,No,No
1/09/2021,7.7,23.7,0,6.6,10.7,N,31,16:04,12.7,84,4,ENE,4,1023.9,23.6,43,7,N,13,1021.7,No,No
31/08/2021,10.5,19.9,0,5.8,3.6,N,59,14:40,13.7,56,7,NNE,15,1015.9,19.4,47,6,NNE,22,1012.8,No,Yes
30/08/2021,4.7,16.8,3.4,1.4,7.4,N,46,13:36,10.5,89,7,N,9,1016.3,16.5,53,1,NNE,17,1013.6,Yes,Yes
29/08/2021,7,16.3,3,6.4,4.3,E,37,3:20,9.4,100,7,NE,11,1011.3,11,100,7,NE,4,1010.3,Yes,No
28/08/2021,2.5,17.8,,1.6,9.6,NNW,33,15:53,7,,1,ENE,2,1018.6,17.3,42,3,NNE,9,1013.6,No,No
27/08/2021,2.1,13.2,0.2,1.2,3.8,,,,5.4,100,7,NNE,6,1020,12.6,72,7,E,6,1017.4,No,No
26/08/2021,4,13.2,0.2,2.4,1,S,28,15:49,6.1,100,7, ,Calm,1022.6,12,58,7,SE,9,1020.1,No,Yes
25/08/2021,5.5,14.5,2.2,1.2,5.4,SSW,35,15:48,9.3,100,3,SSW,11,1023.1,13.7,60,6,SSW,13,1021.5,Yes,Yes
24/08/2021,4.9,12.8,3.6,4,6.2,S,44,13:08,9.4,65,7,S,13,1021.4,11.6,55,6,SSW,19,1021.1,Yes,No
23/08/2021,10.4,14.4,0.4,7,5.4,N,59,0:04,10.9,72,3,WSW,15,1010.9,11.2,67,5,SW,19,1012.1,No,No
22/08/2021,10.5,21.7,0,4,10.6,N,59,15:14,15.2,61,1,N,15,1014.8,21.3,39,1,NNW,30,1008.1,No,No
21/08/2021,10.6,20,0.2,3.6,10.2,NW,41,12:39,13.7,67,0,NW,13,1015.5,18.3,49,4,WNW,17,1014.1,No,No
20/08/2021,7.6,16.6,1,3.6,3.2,NNW,50,13:28,11.4,82,6,E,11,1016.9,16.1,52,3,N,26,1012.5,No,No
19/08/2021,6,16.7,0,2.6,8.3,N,33,11:38,10.5,99,5,ESE,4,1023.4,16.3,55,2,N,13,1019.7,No,Yes
18/08/2021,8.5,14.8,1.2,1.8,1.8,NNW,24,14:42,9.7,99,7,WNW,6,1026.1,14.3,62,7,N,11,1022.2,Yes,Yes
17/08/2021,9.1,14.3,2.2,2,3.3,SSW,35,11:42,9.8,100,7,WSW,11,1025.5,12.6,81,7,SSW,17,1024.6,Yes,No
16/08/2021,9.8,14.5,0.2,6.6,2.8,WSW,52,13:39,11.6,76,7,W,17,1022.8,13.5,66,7,WSW,22,1022.9,No,No
15/08/2021,7.8,18.6,0,3,9.1,NNW,46,6:01,11,71,3,NW,19,1024.4,18,37,2,WNW,20,1019.6,No,No
14/08/2021,3.8,17.1,0,3.4,7.8,WNW,28,15:54,7.9,100,1, ,Calm,1028.9,15.3,62,6,NNW,9,1025.4,No,No
13/08/2021,7.7,17.7,0,1.2,10.1,WSW,37,14:18,11,82,1,N,13,1027.2,16,48,3,W,15,1025.3,No,Yes
12/08/2021,8.1,16.2,3.2,4.4,4.7,NW,28,3:25,10.2,75,7,NW,13,1025.4,15.2,51,7,W,13,1024.6,Yes,No
11/08/2021,12.3,18.7,0,7,3.6,NW,57,14:57,16.2,46,5,NNE,9,1012.4,17.8,40,8,NW,30,1009.7,No,No
10/08/2021,6.9,17.6,0,2.4,8.1,N,57,11:09,12.5,80,6,NNE,17,1022.7,17.2,43,6,N,20,1018.4,No,No
9/08/2021,5,16.4,0,2.8,2.7,NW,30,15:31,7.7,100,7,ESE,4,1028.1,15.2,60,6,NNW,13,1023.3,No,No
8/08/2021,4.2,15.7,0.6,1.2,5.5,ESE,17,8:12,7.3,100,1,ESE,6,1032.6,15.4,58,7,NW,4,1029.4,No,No
7/08/2021,9.7,14.5,0,1.6,2.4,WSW,28,12:41,10.9,79,7,NW,9,1027,13.6,73,7,SW,7,1026.2,No,No
6/08/2021,10,13.3,0.2,2.2,0.6,W,31,2:02,11.3,84,7,W,11,1024.7,13.1,64,8,NW,9,1023.3,No,Yes
5/08/2021,7.6,15.6,1.4,1.6,3.9,W,37,12:51,10,99,7,WSW,7,1021.6,14.6,65,7,WSW,19,1020.3,Yes,No
4/08/2021,6.9,15,0.4,1.8,3.4,WSW,37,11:50,9.3,88,7,WSW,11,1016,13.1,88,7,WSW,11,1015.6,No,Yes
3/08/2021,7.9,14.3,2,2.6,4.1,W,46,16:47,9.6,88,2,NW,11,1008.2,13.3,52,6,W,17,1007.7,Yes,No
2/08/2021,3.5,15.4,0,2.8,9.1,N,44,11:37,8.4,88,1,NE,11,1016.4,14.5,47,3,N,15,1011.7,No,Yes
1/08/2021,6.6,15.1,21.6,6.8,9,W,30,11:53,8.6,100,1, ,Calm,1010.8,13.8,45,3,WSW,13,1011.6,Yes,No
31/07/2021,10.4,18.6,0,7,6.3,ENE,41,2:23,12.9,56,1,NNE,13,1006.5,17.1,48,6,N,11,1002.5,No,No
30/07/2021,7.1,15.1,0.2,2.6,6.4,NNE,59,12:58,10.4,60,1,NNE,13,1015.3,13.2,52,7,ENE,13,1011.3,No,Yes
29/07/2021,6.2,14.3,1.6,3.4,7.8,NNW,37,16:21,7.8,75,6,NNW,19,1013.7,13.9,56,1,NNW,19,1013.8,Yes,No
28/07/2021,11.1,17,0,5.4,4.7,N,63,0:29,13.6,73,6,NNW,17,998.6,12.1,65,7,WNW,20,998.6,No,No
27/07/2021,8.3,17,0.2,3.4,4.3,N,63,21:36,11.1,74,2,NE,7,1011.3,15.8,49,7,N,22,1004.4,No,No
26/07/2021,7.2,15.7,0,1,2.9,NNW,44,10:41,11.8,85,7,NNW,19,1011.2,15.4,66,7,NW,19,1010.3,No,No
25/07/2021,5,11.8,0.8,3.6,7.2,WNW,54,2:19,7.2,66,1,NW,13,1003.9,10.8,60,7,NW,17,1005.5,No,No
24/07/2021,7.2,13.5,0,1.4,3.4,N,52,12:42,9.1,85,7,N,13,998.8,13.1,60,5,NW,22,995.7,No,No
23/07/2021,5.9,10.3,0,0.6,1.5,NNW,24,2:20,7.4,99,7,ENE,6,1006.7,10.1,75,7,N,6,1003.7,No,Yes
22/07/2021,3.8,11.7,1.2,2.6,0.1,NNE,44,14:13,5.9,100,7,NE,6,1015.9,10.4,64,7,NNW,15,1010.7,Yes,Yes
21/07/2021,4.5,12.6,17.6,1.6,2.8,WSW,31,1:19,6.2,100,7,WNW,2,1020.6,11.3,91,6,NE,6,1019.1,Yes,Yes
20/07/2021,9.4,10.4,1.4,2.2,0.3,S,59,17:10,10.3,86,7,NNW,19,1005.4,8.4,94,8,S,17,1007.1,Yes,No
19/07/2021,8,12.7,0.2,1.8,2.9,NNW,31,10:05,9.7,82,7,N,9,1016.4,10.5,99,7,NNW,9,1012.8,No,Yes
18/07/2021,7.6,13.2,4.6,1,3,WSW,31,0:46,9.4,97,3,WSW,13,1014.6,12.2,69,7,SW,7,1015.2,Yes,Yes
17/07/2021,7.1,11.8,2,2.8,0.8,WSW,44,16:20,8.1,74,7,NNW,17,993,9.8,100,7,ESE,7,996.8,Yes,Yes
16/07/2021,10,14.5,2.2,0.8,2.4,NNW,46,11:27,10.4,87,7,N,15,990,12.6,73,5,NW,19,989.4,Yes,Yes
15/07/2021,9.1,15.8,4.4,1.6,7,NNW,43,13:09,12.1,93,5,N,13,1000.3,14.9,75,4,NNW,19,997.1,Yes,Yes
14/07/2021,9.2,13.3,2.8,3,0.5,N,54,14:29,9.2,99,7,NNE,7,1004.9,13.3,80,7,NNW,24,1001.3,Yes,Yes
13/07/2021,7.7,14.2,1.2,2.4,2.4,NNW,41,12:57,10.7,94,7,NNE,6,1014.5,12.8,78,7,NNW,19,1012.1,Yes,No
12/07/2021,5.2,16.1,0,3,5.1,NNW,48,13:24,11.4,75,7,NE,9,1018.4,15.8,48,1,NNE,13,1014.1,No,No
11/07/2021,4.7,16.3,0.2,0.8,5.7,N,35,13:01,5.3,100,3,E,9,1026,14.5,59,7,N,6,1022.4,No,No
10/07/2021,0.2,14,0,0.8,6.6,S,17,15:35,4.7,100,7,SE,2,1024.3,13.1,78,1,SSE,7,1024.2,No,No
9/07/2021,-0.8,13.2,0.2,1,9,SW,17,14:32,1.1,100,4, ,Calm,1017.8,12,65,2,SW,9,1015.4,No,No
8/07/2021,-0.1,12.1,0,1.8,8.3,ENE,17,13:46,1.7,100,2,NNW,2,1023.7,11.6,64,6,ESE,6,1019.4,No,No
7/07/2021,5,12.7,0,0.8,2.2,NNW,19,2:41,5.8,99,6,NNE,7,1026,11.3,53,7,NNW,6,1023.8,No,No
6/07/2021,3.2,12.3,0,1,0.6,WNW,17,13:02,7.2,99,7, ,Calm,1023.4,11.4,60,7,NNW,6,1022.4,No,No
5/07/2021,1.9,13.1,1,1.6,1.9,NW,24,22:37,3.2,100,7,NNE,7,1022.8,12,80,7,WSW,9,1021.5,No,No
4/07/2021,6,13,0,1.2,3.5,NNW,46,13:47,7.4,86,3,NNW,17,1016.8,10.8,89,7,NW,19,1015.5,No,Yes
3/07/2021,5.3,10.3,5,2.8,4.5,N,43,11:41,6.9,81,5,NNE,7,1016.4,8.7,72,5,NNW,19,1015.2,Yes,No
2/07/2021,7.3,15.3,0.2,2.8,1.7,N,43,13:20,10.7,100,6,ENE,7,1014.6,13.6,82,7,NNW,15,1011,No,No
1/07/2021,7.3,17.2,0,1.4,8.9,N,43,16:34,12.2,99,1,E,7,1022.4,16.4,61,1,N,15,1019.3,No,NA
